"observation","prediction"
3.4,5.69048325717398
3.2,6.13877513433923
2.1,6.3450987593454
3.3,6.24094315178635
1.6,5.95356407866662
4.8,5.49183249772324
4.7,6.41976075689501
2.7,6.42115595916763
3.1,6.42602950559591
3.75,6.41956850160745
3.7,5.55588494877828
7.7,6.42115562391947
3.3,6.12567031093802
2.8,4.46524023977841
6.88,5.84485423084989
1.1,6.3815847920755
8.1,6.32152520357149
3.73,6.42115623939006
4.2,6.42115595916763
7,6.42255005457203
3.32,6.42050420988112
4.6,5.48107112106237
