"","min","q1","mean","q3","max"
"ammonia",0.01,0.1,0.170681818181818,0.21,1.08
"chlorophyll",32.1,100.2325,167.69,196.58,621.83
"do",0.8,3.315,5.35840909090909,6.91,13.87
"ph",7.94,8.22,8.37352272727273,8.5325,9.1
"phycocyanin",1.06,5.2,8.1525,10.5025,22.65
"temperature",27.9,28.7,29.3113636363636,29.725,31.2
