variable,coordinate
xmin,81
ymin,16.280833323
xmax,81.935926453
ymax,17.182620081
