"observation","prediction"
3.4,5.70784473419189
3.2,3.84686255455017
2.1,7.59628057479858
3.3,3.42481350898743
1.6,7.52159404754639
4.8,4.72046375274658
4.7,4.26181507110596
2.7,7.20167779922485
3.1,6.62554597854614
3.75,3.7409975528717
3.7,4.01572275161743
7.7,6.7186222076416
3.3,6.00225305557251
2.8,5.50984668731689
6.88,3.60356307029724
1.1,7.82740592956543
8.1,4.01572275161743
3.73,4.49040985107422
4.2,7.19356918334961
7,7.67146825790405
3.32,3.26455092430115
4.6,3.71268582344055
